"Comparison","P.value","Adjusted.P.value","Chi.squared","Categorical_Variable"
"Complex [3] - Design-Intensive [2]",4.43931494747978e-09,4.43931494747978e-09,-5.75086822663938,"Complexity"
"Complex [3] - Simple [1]",3.13848376949813e-45,3.13848376949813e-45,-14.0644946110799,"Complexity"
"Design-Intensive [2] - Simple [1]",1.03406761084079e-13,1.03406761084079e-13,-7.34431629948611,"Complexity"
