"Comparison","P.value","Adjusted.P.value","Chi.squared","Categorical_Variable"
"Both [3] - Firms [1]",1.59731867260149e-08,1.59731867260149e-08,-5.53042067682037,"Type.of.Adopter"
"Both [3] - Individuals [2]",7.95040411139522e-53,7.95040411139522e-53,-15.2522697924653,"Type.of.Adopter"
"Firms [1] - Individuals [2]",1.38851136610688e-22,1.38851136610688e-22,-9.70838496298772,"Type.of.Adopter"
