"Comparison","P.value","Adjusted.P.value","Chi.squared","Categorical_Variable"
"Complex [3] - Design-Intensive [2]",4.56090562513445e-15,4.56090562513445e-15,-7.75093536304113,"Complexity"
"Complex [3] - Simple [1]",2.14494149558912e-23,2.14494149558912e-23,-9.89699092092547,"Complexity"
"Design-Intensive [2] - Simple [1]",0.0234498265519669,0.0234498265519669,-1.98720527895797,"Complexity"
