"Comparison","P.value","Adjusted.P.value","Chi.squared","Categorical_Variable"
"Both [3] - Firms [1]",3.80305689958373e-09,3.80305689958373e-09,-5.77696270248327,"Type.of.Adopter"
"Both [3] - Individuals [2]",2.63199232875671e-56,2.63199232875671e-56,-15.7668129509555,"Type.of.Adopter"
"Firms [1] - Individuals [2]",1.01197617830728e-26,1.01197617830728e-26,-10.6361140791972,"Type.of.Adopter"
