"Group","Count","Median"
"No",1586,0.121604904686006
"Yes",605,0.0671895871153616
