"Group","Count","Median"
"No",408,0.0871701384486265
"Yes",225,0.0382077958586851
