"Group","Count","Median"
"No",1504,0.207940524419387
"Yes",1170,0.129133906964443
