"Group","Count","Median"
"No",1402,0.123841646555537
"Yes",548,0.0618952029238544
