"Group","Count","Median"
"No",1264,0.159483820947561
"Yes",985,0.0611245079212294
