"Group","Count","Median"
"Firms [1]",472,0.161902944254018
"Individuals [2]",659,0.219593831446561
"Both [3]",619,0.116540481639449
