"Group","Count","Median"
"Simple [1]",1141,0.209685645289253
"Design-Intensive [2]",711,0.143979323791018
"Complex [3]",822,0.121604978446509
