"Group","Count","Median"
"No",929,0.0910554768385191
"Yes",444,0.0552853120095212
