"Group","Count","Median"
"Standardized [1]",1490,0.222502819342116
"Mass-customized [2]",458,0.16700157814675
"Customized [3]",865,0.115859331949615
