"Group","Count","Median"
"Firms [1]",650,0.0871633747862188
"Individuals [2]",835,0.138766592172842
"Both [3]",611,0.0494747888541101
