"Group","Count","Median"
"No",1074,0.186530927598497
"Yes",496,0.121768745308117
