"Group","Count","Median"
"No",1339,0.11538788821144
"Yes",546,0.0618499001919309
