"Group","Count","Median"
"No",983,0.168481328030146
"Yes",487,0.120351601077344
