"Group","Count","Median"
"Firms [1]",77,0.203922352658598
"Individuals [2]",239,0.254095894414925
"Both [3]",391,0.113602322979141
