"Group","Count","Median"
"Firms [1]",80,0.0933532692168306
"Individuals [2]",269,0.120801378318783
"Both [3]",368,0.0382314560724314
