"Group","Count","Median"
"No",259,0.230659685092118
"Yes",448,0.136765146151206
