"Group","Count","Median"
"Standardized [1]",1236,0.123748283791565
"Mass-customized [2]",326,0.097793160341617
"Customized [3]",601,0.0580658968971061
