"Group","Count","Median"
"Simple [1]",878,0.217333731410717
"Design-Intensive [2]",526,0.171598478057186
"Complex [3]",514,0.121153322261874
