"Group","Count","Median"
"No",876,0.147787045522176
"Yes",859,0.0591292619288875
