"Group","Count","Median"
"No",1419,0.247948634882767
"Yes",1119,0.133493847864232
