"Group","Count","Median"
"No",1133,0.200746032464259
"Yes",499,0.122354095178733
