"Group","Count","Median"
"Firms [1]",100,0.249590735253778
"Individuals [2]",279,0.297122650168376
"Both [3]",414,0.117720426563349
