"Group","Count","Median"
"Simple [1]",1000,0.207348976723657
"Design-Intensive [2]",609,0.148581113952048
"Complex [3]",704,0.119956183086293
