"Group","Count","Median"
"Firms [1]",88,0.230265161436626
"Individuals [2]",266,0.272813307125417
"Both [3]",409,0.116423802389628
