"Group","Count","Median"
"Firms [1]",795,0.0906584502686352
"Individuals [2]",974,0.15010088382525
"Both [3]",636,0.0501528942672851
