"Group","Count","Median"
"Standardized [1]",1280,0.130588439495892
"Mass-customized [2]",338,0.1013409414301
"Customized [3]",613,0.0588714782302923
