"Group","Count","Median"
"Standardized [1]",1335,0.214780116056077
"Mass-customized [2]",370,0.17890346708429
"Customized [3]",722,0.111636804809278
