"Group","Count","Median"
"No",1240,0.214692177850689
"Yes",1073,0.12867798093276
