"Group","Count","Median"
"No",1794,0.190359786062256
"Yes",688,0.127566910721824
