"Group","Count","Median"
"No",1523,0.162586892089049
"Yes",1058,0.063400117441653
