"Group","Count","Median"
"Simple [1]",299,0.0941819998619818
"Design-Intensive [2]",242,0.0704095895095506
"Complex [3]",176,0.0319634150430239
