"Group","Count","Median"
"No",1131,0.13232418735146
"Yes",965,0.0594881302826984
