"Group","Count","Median"
"Standardized [1]",1395,0.232014848959809
"Mass-customized [2]",389,0.190532475276779
"Customized [3]",735,0.115247940484483
