"Group","Count","Median"
"Standardized [1]",503,0.0841032274527697
"Mass-customized [2]",48,0.103630125479331
"Customized [3]",186,0.0349939546337405
