"Group","Count","Median"
"Simple [1]",1212,0.158897297305181
"Design-Intensive [2]",676,0.0805945311283022
"Complex [3]",693,0.0719249873165313
