"Group","Count","Median"
"No",1509,0.191532766797428
"Yes",612,0.124537501759022
