"Group","Count","Median"
"Standardized [1]",1440,0.144152204238721
"Mass-customized [2]",408,0.102040941801776
"Customized [3]",714,0.0632174318580254
