"Group","Count","Median"
"Firms [1]",692,0.0936722733945356
"Individuals [2]",921,0.162586892089049
"Both [3]",636,0.0526730947862192
