"Group","Count","Median"
"Simple [1]",734,0.102678588402953
"Design-Intensive [2]",458,0.0752044682369141
"Complex [3]",436,0.0537639666387453
