"Group","Count","Median"
"No",1266,0.103460686087416
"Yes",537,0.0596896783166769
