"Group","Count","Median"
"No",783,0.123655392231026
"Yes",845,0.0579331939178732
