"Group","Count","Median"
"Standardized [1]",515,0.0901957598821518
"Mass-customized [2]",55,0.172905078352828
"Customized [3]",189,0.0356987550241679
