"Group","Count","Median"
"Firms [1]",753,0.154907620221716
"Individuals [2]",862,0.234588818204323
"Both [3]",698,0.11620410675798
