"Group","Count","Median"
"No",832,0.136426289090716
"Yes",854,0.0589864766813426
