"Group","Count","Median"
"No",1893,0.204469350360131
"Yes",693,0.128107260182256
