"Group","Count","Median"
"Simple [1]",1140,0.240193757388262
"Design-Intensive [2]",669,0.163975369102772
"Complex [3]",729,0.125544160262284
