"Group","Count","Median"
"Firms [1]",781,0.160754221043784
"Individuals [2]",933,0.249877383927163
"Both [3]",732,0.120622343263311
