"Group","Count","Median"
"Simple [1]",316,0.223221121830132
"Design-Intensive [2]",276,0.201993527139361
"Complex [3]",201,0.098388644111863
