"Group","Count","Median"
"No",277,0.0990375020110163
"Yes",440,0.0526730947862192
