"Group","Count","Median"
"Firms [1]",491,0.167617843589762
"Individuals [2]",713,0.240045122034209
"Both [3]",650,0.121000247372832
