"Group","Count","Median"
"Simple [1]",302,0.212804984997367
"Design-Intensive [2]",263,0.178189689277618
"Complex [3]",198,0.0973204394962842
