"Group","Count","Median"
"Simple [1]",779,0.194589170252266
"Design-Intensive [2]",472,0.154523389352195
"Complex [3]",499,0.116893265861117
