"Group","Count","Median"
"Firms [1]",820,0.0936722733945356
"Individuals [2]",1029,0.162586892089049
"Both [3]",653,0.052603409630531
