"Group","Count","Median"
"Standardized [1]",513,0.199190009214534
"Mass-customized [2]",55,0.268906383288684
"Customized [3]",193,0.0978456852033575
