"Group","Count","Median"
"Standardized [1]",530,0.207401338859892
"Mass-customized [2]",64,0.346579941087844
"Customized [3]",197,0.0988708190854268
