"term","contrast","null.value","estimate","conf.low","conf.high","adj.p.value"
"Need.for.Customization","Mass-customized [2]-Standardized [1]",0,-0.00164584361270415,-0.0352894587597612,0.0319977715343529,0.992766556823158
"Need.for.Customization","Customized [3]-Standardized [1]",0,-0.107763859597718,-0.132452510051457,-0.0830752091439784,4.92805796170614e-12
"Need.for.Customization","Customized [3]-Mass-customized [2]",0,-0.106118015985014,-0.14266028425202,-0.0695757477180072,4.46316317237461e-11
