"Comparison","P.value","Adjusted.P.value","Chi.squared","Categorical_Variable"
"Both [3] - Firms [1]",9.77501679954683e-11,9.77501679954683e-11,-6.36483456597263,"Type.of.Adopter"
"Both [3] - Individuals [2]",7.59224912675397e-41,7.59224912675397e-41,-13.3314848652631,"Type.of.Adopter"
"Firms [1] - Individuals [2]",1.56418031682082e-09,1.56418031682082e-09,-5.92471678866104,"Type.of.Adopter"
