"Comparison","P.value","Adjusted.P.value","Chi.squared","Categorical_Variable"
"Complex [3] - Design-Intensive [2]",1.06184938986101e-07,1.06184938986101e-07,-5.18817071358796,"Complexity"
"Complex [3] - Simple [1]",3.80327344184811e-23,3.80327344184811e-23,-9.83952984179363,"Complexity"
"Design-Intensive [2] - Simple [1]",1.63969751208041e-05,1.63969751208041e-05,-4.15314311022078,"Complexity"
