"Comparison","P.value","Adjusted.P.value","Chi.squared","Categorical_Variable"
"Both [3] - Firms [1]",3.08013930759123e-13,3.08013930759123e-13,-7.19688697218616,"Type.of.Adopter"
"Both [3] - Individuals [2]",2.98259023528002e-39,2.98259023528002e-39,-13.0548187847547,"Type.of.Adopter"
"Firms [1] - Individuals [2]",2.12688752269871e-06,2.12688752269871e-06,-4.59858140271403,"Type.of.Adopter"
