"Comparison","P.value","Adjusted.P.value","Chi.squared","Categorical_Variable"
"Both [3] - Firms [1]",3.40305368091096e-14,3.40305368091096e-14,-7.49155746257118,"Type.of.Adopter"
"Both [3] - Individuals [2]",1.66874938130637e-53,1.66874938130637e-53,-15.3538550509391,"Type.of.Adopter"
"Firms [1] - Individuals [2]",2.09354057052806e-14,2.09354057052806e-14,-7.55504715996336,"Type.of.Adopter"
