"Group","Count","Median"
"Firms [1]",434,0.0900601811443442
"Individuals [2]",681,0.127420614375401
"Both [3]",571,0.0490371628601596
