"Group","Count","Median"
"No",368,0.0759993285917723
"Yes",222,0.0369050864335975
