"Group","Count","Median"
"No",1720,0.241651259316026
"Yes",1221,0.134489099986437
