"Group","Count","Median"
"Standardized [1]",471,0.18229854625006
"Mass-customized [2]",46,0.237231585149355
"Customized [3]",188,0.0964562895236292
