"Group","Count","Median"
"No",1339,0.236479724816078
"Yes",1107,0.13225577515788
