"Group","Count","Median"
"No",1369,0.138382294052936
"Yes",1036,0.0611966428957502
