"Group","Count","Median"
"Firms [1]",1013,0.164075928960954
"Individuals [2]",1145,0.263434903870715
"Both [3]",783,0.121506531322987
