"Group","Count","Median"
"No",389,0.0821628225914608
"Yes",223,0.0370183737885967
