"Group","Count","Median"
"No",290,0.251829087599301
"Yes",473,0.141974295136012
