"Group","Count","Median"
"Standardized [1]",1564,0.2397654868878
"Mass-customized [2]",478,0.173884606237019
"Customized [3]",879,0.116894740426088
