"Group","Count","Median"
"Simple [1]",1157,0.148259883972012
"Design-Intensive [2]",660,0.0784972308282339
"Complex [3]",685,0.0708458845872347
