"Group","Count","Median"
"No",1394,0.17431239483485
"Yes",599,0.122354095178733
