"Group","Count","Median"
"No",965,0.255344033431781
"Yes",953,0.132996926931178
