"Group","Count","Median"
"No",313,0.270057210063622
"Yes",480,0.143903311698047
