"Group","Count","Median"
"Standardized [1]",1011,0.187056320906859
"Mass-customized [2]",221,0.190532475276779
"Customized [3]",505,0.108622825821834
