"Group","Count","Median"
"No",836,0.224671663765445
"Yes",914,0.128291287026484
