"Group","Count","Median"
"Simple [1]",803,0.120801378318783
"Design-Intensive [2]",485,0.0796500248439294
"Complex [3]",447,0.0553940737617347
