"Group","Count","Median"
"Simple [1]",840,0.209181760326259
"Design-Intensive [2]",504,0.163923459160241
"Complex [3]",510,0.119821748819855
