"Group","Count","Median"
"Firms [1]",85,0.098897665288096
"Individuals [2]",278,0.12689661445376
"Both [3]",376,0.03968756918263
