"Group","Count","Median"
"Standardized [1]",968,0.0957810586354681
"Mass-customized [2]",206,0.0980916533154869
"Customized [3]",441,0.052603409630531
