"Group","Count","Median"
"No",1624,0.230080771362761
"Yes",1209,0.133491558213491
