"Group","Count","Median"
"Simple [1]",1081,0.224440561237383
"Design-Intensive [2]",645,0.158232590588331
"Complex [3]",720,0.123861994393833
