"Group","Count","Median"
"Firms [1]",94,0.106278107992296
"Individuals [2]",286,0.12808563455819
"Both [3]",381,0.0399809894668716
