"Group","Count","Median"
"Firms [1]",842,0.0960943644275646
"Individuals [2]",1077,0.175801682564893
"Both [3]",662,0.0535954191699791
