"Group","Count","Median"
"Standardized [1]",1041,0.109148358460988
"Mass-customized [2]",225,0.105690122060606
"Customized [3]",456,0.0538828965020553
