"Group","Count","Median"
"Simple [1]",774,0.114902799907507
"Design-Intensive [2]",470,0.0773921376415037
"Complex [3]",442,0.0546690857876586
