"Group","Count","Median"
"No",1205,0.144600010070939
"Yes",976,0.0607058072948178
