"Group","Count","Median"
"Firms [1]",671,0.0904859575315855
"Individuals [2]",883,0.150281290465414
"Both [3]",627,0.0510134126103584
