"Group","Count","Median"
"Standardized [1]",1316,0.12689661445376
"Mass-customized [2]",384,0.097793160341617
"Customized [3]",686,0.0602750239935326
