"Group","Count","Median"
"Standardized [1]",1235,0.197480318835715
"Mass-customized [2]",352,0.170431424939612
"Customized [3]",708,0.110046874039844
