"Group","Count","Median"
"No",1660,0.134148177649805
"Yes",607,0.0671910172509848
