"Group","Count","Median"
"Standardized [1]",1092,0.20399579627027
"Mass-customized [2]",233,0.198433679261315
"Customized [3]",516,0.111306924610638
