"Group","Count","Median"
"Simple [1]",1047,0.145504165171311
"Design-Intensive [2]",597,0.0794407421214598
"Complex [3]",605,0.0674238851975326
