"Group","Count","Median"
"No",980,0.0978730706183719
"Yes",449,0.0564396997754777
