"Group","Count","Median"
"Firms [1]",452,0.0933787092095368
"Individuals [2]",704,0.134109976091382
"Both [3]",579,0.0500197440878197
