"Group","Count","Median"
"Standardized [1]",1132,0.209963621651719
"Mass-customized [2]",251,0.216698955882623
"Customized [3]",522,0.111636804809278
