"Group","Count","Median"
"Firms [1]",514,0.177108790958361
"Individuals [2]",744,0.248952865565559
"Both [3]",660,0.122587145617469
