"Group","Count","Median"
"Simple [1]",323,0.102549705988899
"Design-Intensive [2]",256,0.0822319429184046
"Complex [3]",182,0.0328049471220265
