"Group","Count","Median"
"Simple [1]",943,0.127375864704661
"Design-Intensive [2]",566,0.0749780042467307
"Complex [3]",587,0.0635079015588702
