"Group","Count","Median"
"Simple [1]",311,0.0980651341949068
"Design-Intensive [2]",249,0.0773635408708043
"Complex [3]",179,0.0324802958730479
