"Group","Count","Median"
"Simple [1]",1242,0.231599091431806
"Design-Intensive [2]",751,0.154568607394895
"Complex [3]",840,0.12561306828101
