"Group","Count","Median"
"Firms [1]",422,0.0847512974974738
"Individuals [2]",650,0.120479735890673
"Both [3]",556,0.0479987336813738
