"Group","Count","Median"
"Firms [1]",947,0.152817895324765
"Individuals [2]",991,0.23425265430299
"Both [3]",736,0.115710327299842
