"Group","Count","Median"
"Standardized [1]",1386,0.135251230271698
"Mass-customized [2]",396,0.0995145305376462
"Customized [3]",701,0.061835178950009
