"Group","Count","Median"
"Firms [1]",811,0.168481328030146
"Individuals [2]",984,0.262389033432715
"Both [3]",743,0.121873516906606
