"Group","Count","Median"
"Standardized [1]",1174,0.115500037119609
"Mass-customized [2]",314,0.0937497313631954
"Customized [3]",590,0.0569591356882405
