"Group","Count","Median"
"No",1453,0.150130773127309
"Yes",1049,0.0623661511186124
