"Group","Count","Median"
"Simple [1]",1002,0.135997982228282
"Design-Intensive [2]",581,0.0773635408708043
"Complex [3]",598,0.0655711282838139
