"Group","Count","Median"
"Standardized [1]",1012,0.101360883863504
"Mass-customized [2]",213,0.0998506965618802
"Customized [3]",448,0.0533766525448379
