"Group","Count","Median"
"Standardized [1]",488,0.0791691494225602
"Mass-customized [2]",45,0.0990375020110163
"Customized [3]",182,0.0336937806628623
