"Group","Count","Median"
"Firms [1]",981,0.157155440672599
"Individuals [2]",1081,0.250137989028429
"Both [3]",771,0.120351601077344
