"Group","Count","Median"
"No",1026,0.106197533589566
"Yes",451,0.0570241539974805
