"Group","Count","Median"
"No",1655,0.174547446610072
"Yes",673,0.12503785286893
