"Group","Count","Median"
"No",1503,0.113427609940641
"Yes",594,0.0646096090254518
