"Group","Count","Median"
"No",1594,0.206764131599736
"Yes",616,0.124903283478265
