"Group","Count","Median"
"Standardized [1]",1370,0.202880436210515
"Mass-customized [2]",440,0.15926117013816
"Customized [3]",845,0.114293684062858
