"Group","Count","Median"
"No",909,0.243672928422693
"Yes",945,0.131727370357267
