"Group","Count","Median"
"No",429,0.215265154301228
"Yes",248,0.115220260785938
