"Group","Count","Median"
"Simple [1]",1315,0.244644590877473
"Design-Intensive [2]",776,0.159118383730255
"Complex [3]",850,0.126375756101477
