"Group","Count","Median"
"Simple [1]",1090,0.136685858769642
"Design-Intensive [2]",642,0.0764098044612056
"Complex [3]",673,0.068920263410959
