"Group","Count","Median"
"No",349,0.168883844515995
"Yes",245,0.114758926948776
