"Group","Count","Median"
"Simple [1]",279,0.203978685871527
"Design-Intensive [2]",234,0.158756604804247
"Complex [3]",194,0.0964562895236292
