"Group","Count","Median"
"No",402,0.197064570970675
"Yes",246,0.114771309164655
