"Group","Count","Median"
"No",293,0.113351374415407
"Yes",446,0.0538689916156205
