"Group","Count","Median"
"No",312,0.125252188601457
"Yes",449,0.0540562874796459
