"","Df","Sum Sq","Mean Sq","F value","Pr(>F)"
"Need.for.Customization",2,4.13730184683246,2.06865092341623,55.4499386155033,4.54092629323574e-24
"Residuals             ",1734,64.6897145563446,0.037306640459253,NA,NA
