"term","contrast","null.value","estimate","conf.low","conf.high","adj.p.value"
"Technology.Lifetime","Years-Months",0,-0.156967468031831,-0.204061597089075,-0.109873338974587,2.99704705497561e-12
"Technology.Lifetime","Decades-Months",0,-0.121696750745799,-0.169027975375885,-0.0743655261157127,5.97384230971443e-09
"Technology.Lifetime","Decades-Years",0,0.0352707172860319,0.0118763500643379,0.0586650845077259,0.00121005628945003
